Player,Squad,Pos,Age,age_group,Min,Fls,fouls_per_90
Thelo Aasgaard,no Norway,MF,24,Peak,90,0,0
Ali Abdi,tn Tunisia,DF,32,Veteran,269,4,1.3382899628252787
Saud Abdulhamid,sa Saudi Arabia,DF,26,Peak,269,4,1.3382899628252787
Abdulla Abdullaev,uz Uzbekistan,DF,28,Peak,180,5,2.5
Yusuf Abdurisag,qa Qatar,FW,26,Peak,98,1,0.9183673469387754
Husam Abu Dahab,jo Jordan,DF,26,Peak,178,2,1.0112359550561798
Mohannad Abu Taha,jo Jordan,DF,23,Young,264,2,0.6818181818181819
Ché Adams,sct Scotland,FW,29,Peak,145,4,2.4827586206896552
Jayden Adams,za South Africa,MF,25,Peak,116,0,0
Tyler Adams,us USA,MF,27,Peak,341,5,1.3196480938416424
Ricardo Adé,ht Haiti,DF,36,Veteran,270,6,2
Jonas Adjetey,gh Ghana,DF,22,Young,225,1,0.4
Michel Aebischer,ch Switzerland,MFFW,29,Peak,156,3,1.7307692307692308
Akram Afif,qa Qatar,FWMF,29,Peak,238,0,0
Emmanuel Agbadou,ci Côte d'Ivoire,DF,28,Peak,270,0,0
Ali Ahmed,ca Canada,MF,25,Peak,234,1,0.38461538461538464
Homam Ahmed,qa Qatar,DF,26,Peak,122,4,2.9508196721311477
Rayan Aït-Nouri,dz Algeria,DF,25,Peak,284,6,1.9014084507042253
Kristoffer Ajer,no Norway,DF,28,Peak,480,2,0.375
Manuel Akanji,ch Switzerland,DF,30,Veteran,600,4,0.6000000000000001
Nathan Aké,nl Netherlands,DF,31,Veteran,170,2,1.0588235294117647
Kerem Aktürkoğlu,tr Türkiye,FW,27,Peak,129,0,0
David Alaba,at Austria,DF,33,Veteran,275,2,0.6545454545454545
Kerim Alajbegović,ba Bosnia–Herz,MF,18,Young,277,4,1.2996389891696751
Omar Alderete,py Paraguay,DF,29,Peak,320,2,0.5625
Hussein Ali,iq Iraq,DF,24,Peak,162,1,0.5555555555555556
Khojiakbar Alijonov,uz Uzbekistan,MF,29,Peak,135,2,1.3333333333333335
Thiago Almada,ar Argentina,MF,25,Peak,241,2,0.7468879668049793
Miguel Almirón,py Paraguay,MFFW,32,Veteran,282,2,0.6382978723404256
Júnior Alonso,py Paraguay,DF,33,Veteran,390,3,0.6923076923076923
Barış Alper Yılmaz,tr Türkiye,MFFW,26,Peak,179,4,2.011173184357542
Roberto Alvarado,mx Mexico,FWMF,27,Peak,428,3,0.6308411214953271
Edson Álvarez,mx Mexico,MFDF,28,Peak,240,5,1.875
Julián Álvarez,ar Argentina,FW,26,Peak,602,11,1.6445182724252494
Michael Amir Murillo,pa Panama,DFMF,30,Veteran,270,1,0.33333333333333337
Amir Al Ammari,iq Iraq,MF,28,Peak,247,3,1.0931174089068827
Sofyan Amrabat,ma Morocco,MF,29,Peak,147,4,2.4489795918367347
Abdulelah Al-Amri,sa Saudi Arabia,DF,29,Peak,239,1,0.37656903765690375
Elliot Anderson,eng England,MF,23,Young,632,9,1.2816455696202531
Andrés Andrade Cedeño,pa Panama,DF,27,Peak,270,4,1.3333333333333335
Nilson Angulo,ec Ecuador,MF,22,Young,218,4,1.651376146788991
Houssem Aouar,dz Algeria,MF,27,Peak,173,1,0.5202312138728323
Oswin Appollis,za South Africa,MFFW,24,Peak,255,1,0.3529411764705882
Yazan Al-Arab,jo Jordan,DF,30,Veteran,270,4,1.3333333333333335
Maxi Araújo,uy Uruguay,FWMF,26,Peak,250,2,0.72
Tomás Araújo,pt Portugal,DF,24,Peak,90,1,1
Carlens Arcus,ht Haiti,MFDF,29,Peak,146,5,3.0821917808219177
Jhon Arias,co Colombia,MF,28,Peak,377,5,1.193633952254642
Marko Arnautović,at Austria,FW,37,Veteran,144,3,1.875
Emam Ashour,eg Egypt,MF,28,Peak,362,2,0.49723756906077343
Rustam Ashurmatov,uz Uzbekistan,DF,29,Peak,256,1,0.3515625
Marwan Attia,eg Egypt,MF,27,Peak,434,8,1.6589861751152073
Fredrik Aursnes,no Norway,MFDF,30,Veteran,304,5,1.4802631578947367
Gabriel Ávalos,py Paraguay,FW,35,Veteran,141,1,0.6382978723404256
Yasin Ayari,se Sweden,MF,22,Young,339,4,1.0619469026548671
Jordan Ayew,gh Ghana,FW,34,Veteran,300,7,2.1
Neil El Aynaoui,ma Morocco,MF,24,Peak,562,15,2.402135231316726
Juninho Bacuna,cw Curaçao,MF,28,Peak,254,6,2.1259842519685037
Leandro Bacuna,cw Curaçao,MF,34,Veteran,270,3,1
Álex Baena,es Spain,MFFW,24,Peak,481,13,2.4324324324324325
Esmir Bajraktarevic,ba Bosnia–Herz,MF,21,Young,230,1,0.391304348
Cédric Bakambu,cd Congo DR,FW,35,Veteran,190,2,0.9473684210526315
Folarin Balogun,us USA,FW,24,Peak,312,3,0.8653846153846154
Yoel Bárcenas,pa Panama,MF,32,Veteran,249,3,1.0843373493975905
Bradley Barcola,fr France,MF,23,Young,384,5,1.171875
Abdülkerim Bardakcı,tr Türkiye,DF,31,Veteran,265,1,0.33962264150943394
Ivan Bašić,ba Bosnia–Herz,MF,24,Peak,179,2,1.005586592178771
Martin Baturina,hr Croatia,MFFW,23,Young,321,1,0.2803738317757009
Ibrahim Bayesh,iq Iraq,MFFW,26,Peak,235,3,1.1489361702127658
Riechedly Bazoer,cw Curaçao,DF,29,Peak,90,2,2
Aziz Behich,au Australia,MF,35,Veteran,217,1,0.4147465437788018
Rafik Belghali,dz Algeria,DF,24,Peak,331,4,1.0876132930513596
Joe Bell,nz New Zealand,MF,27,Peak,243,3,1.1111111111111112
Jean-Ricner Bellegarde,ht Haiti,MF,27,Peak,260,4,1.3846153846153846
Jude Bellingham,eng England,MF,22,Young,614,9,1.3192182410423452
Anis Ben Slimane,tn Tunisia,MFFW,25,Peak,240,0,0
Ramy Bensebaini,dz Algeria,DF,31,Veteran,360,1,0.25
Nabil Bentaleb,dz Algeria,MF,31,Veteran,285,2,0.631578947
Rodrigo Bentancur,uy Uruguay,MF,28,Peak,270,7,2.3333333333333335
Patrick Berg,no Norway,MF,28,Peak,445,4,0.8089887640449439
Sander Berge,no Norway,MF,28,Peak,480,6,1.125
Lucas Bergvall,se Sweden,MF,20,Young,181,7,3.480662983425414
Sebastian Berhalter,us USA,MF,25,Peak,187,5,2.406417112299465
Alexander Bernhardsson,se Sweden,MF,27,Peak,217,2,0.8294930875576036
Tyler Bindon,nz New Zealand,DF,21,Young,97,2,1.8556701030927836
César Blackman,pa Panama,MFDF,28,Peak,178,2,1.0112359550561798
Damián Bobadilla,py Paraguay,MF,24,Peak,189,1,0.47619047619047616
Oscar Bobb,no Norway,FW,22,Young,225,1,0.4
Moïse Bombito,ca Canada,DF,26,Peak,193,2,0.9326424870466321
Ange-Yoan Bonny,ci Côte d'Ivoire,FW,22,Young,234,1,0.38461538461538464
Jordy Bos,au Australia,MFDF,23,Young,308,4,1.168831168831169
Ayyoub Bouaddi,ma Morocco,MF,18,Young,381,3,0.7086614173228346
Hicham Boudaoui,dz Algeria,MF,26,Peak,128,4,2.8125
Karim Boudiaf,qa Qatar,MF,35,Veteran,102,0,0
Nawaf Boushal,sa Saudi Arabia,DF,26,Peak,91,1,0.989010989
Michael Boxall,nz New Zealand,DF,37,Veteran,207,2,0.8695652173913043
Sultan Al-Brake,qa Qatar,DF,30,Veteran,141,2,1.2765957446808511
Joshua Brenet,cw Curaçao,DF,32,Veteran,179,0,0
Brian Brobbey,nl Netherlands,FW,24,Peak,223,4,1.6143497757847534
Nathaniel Brown,de Germany,DF,22,Young,282,4,1.2765957446808511
Tajon Buchanan,ca Canada,MF,27,Peak,376,5,1.196808510638298
Ante Budimir,hr Croatia,FW,34,Veteran,155,6,3.4838709677419355
Firas Al-Buraikan,sa Saudi Arabia,FW,26,Peak,238,2,0.7563025210084033
Cameron Burgess,au Australia,DF,30,Veteran,135,0,0
Gustavo Caballero,py Paraguay,FWMF,24,Peak,96,2,1.875
Jovane Cabral,cv Cabo Verde,FW,28,Peak,139,1,0.6474820143884893
Liberato Cacace,nz New Zealand,DF,25,Peak,220,1,0.40909090909090906
Juan Cáceres,py Paraguay,DF,26,Peak,436,9,1.8577981651376148
Sebastián Cáceres,uy Uruguay,DF,26,Peak,270,2,0.6666666666666667
Moisés Caicedo,ec Ecuador,MF,24,Peak,360,5,1.25
Hakan Çalhanoğlu,tr Türkiye,MF,32,Veteran,180,2,1
Lamine Camara,sn Senegal,MF,22,Young,248,5,1.814516129032258
José Canale,py Paraguay,DF,29,Peak,161,1,0.5590062111801242
João Cancelo,pt Portugal,DF,32,Veteran,312,6,1.7307692307692308
Agustín Canobbio,uy Uruguay,FW,27,Peak,224,7,2.8125
Casemiro,br Brazil,MF,34,Veteran,379,6,1.424802110817942
Josué Casimir,ht Haiti,MF,24,Peak,182,4,1.978021978021978
Timothy Castagne,be Belgium,DF,30,Veteran,478,7,1.3179916317991631
Zeki Çelik,tr Türkiye,DF,29,Peak,163,1,0.5521472392638037
Lukáš Červ,cz Czechia,MF,25,Peak,163,3,1.6564417177914113
Fares Chaïbi,dz Algeria,MF,23,Young,360,3,0.75
Štěpán Chaloupek,cz Czechia,DF,23,Young,90,1,1
Rayan Cherki,fr France,MF,22,Young,130,2,1.3846153846153846
Tahith Chong,cw Curaçao,MF,26,Peak,247,3,1.0931174089068827
Ryan Christie,sct Scotland,MF,31,Veteran,95,2,1.894736842105263
Brian Cipenga,cd Congo DR,MFFW,28,Peak,146,2,1.2328767123287672
Alessandro Circati,au Australia,DF,22,Young,390,5,1.1538461538461537
Pathé Ciss,sn Senegal,DF,32,Veteran,184,1,0.4891304347826087
Livano Comenencia,cw Curaçao,MF,22,Young,233,4,1.5450643776824033
Francisco Conceição,pt Portugal,MF,23,Young,126,1,0.7142857142857142
Jhon Córdoba,co Colombia,FW,33,Veteran,99,1,0.9090909090909092
José Córdoba,pa Panama,DF,25,Peak,270,5,1.6666666666666665
Derek Cornelius,ca Canada,DF,28,Peak,315,4,1.1428571428571428
Nuno da Costa,cv Cabo Verde,FW,35,Veteran,159,0,0
Vladimír Coufal,cz Czechia,MFDF,33,Veteran,270,4,1.3333333333333335
Pau Cubarsí,es Spain,DF,19,Young,750,4,0.48
Andrés Cubas,py Paraguay,MF,30,Veteran,480,14,2.625
Marc Cucurella,es Spain,DF,27,Peak,750,8,0.96
Matheus Cunha,br Brazil,FW,27,Peak,290,1,0.3103448275862069
Danilo,br Brazil,DF,34,Veteran,405,7,1.5555555555555554
Kevin Danso,at Austria,DF,27,Peak,241,1,0.37344398340248963
Jonathan David,ca Canada,FW,26,Peak,420,5,1.0714285714285714
Nasser Al-Dawsari,sa Saudi Arabia,MF,27,Peak,207,7,3.043478260869565
Salem Al-Dawsari,sa Saudi Arabia,MF,34,Veteran,245,3,1.1020408163265305
Kevin De Bruyne,be Belgium,MF,34,Veteran,382,2,0.47120418848167545
Maxim De Cuyper,be Belgium,DF,25,Peak,442,7,1.425339366515837
Luc De Fougerolles,ca Canada,DF,20,Young,372,8,1.935483870967742
Charles De Ketelaere,be Belgium,FWMF,25,Peak,350,2,0.5142857142857142
Rodrigo De Paul,ar Argentina,MF,32,Veteran,491,2,0.3665987780040733
Amar Dedić,ba Bosnia–Herz,DF,23,Young,270,6,2
Louicius Deedson,ht Haiti,MF,25,Peak,112,3,2.4107142857142856
Hannes Delcroix,ht Haiti,DF,27,Peak,270,1,0.33333333333333337
Ousmane Dembélé,fr France,MF,29,Peak,592,0,0
Merih Demiral,tr Türkiye,DF,28,Peak,180,2,1
Ermedin Demirović,ba Bosnia–Herz,FW,28,Peak,354,11,2.7966101694915255
Sergiño Dest,us USA,MF,25,Peak,297,2,0.6060606060606061
Frans Dhia Putros,iq Iraq,DF,32,Veteran,90,2,2
Amad Diallo,ci Côte d'Ivoire,MFFW,23,Young,185,0,0
Habib Diarra,sn Senegal,MF,22,Young,143,2,1.2587412587412588
Rúben Dias,pt Portugal,DF,29,Peak,360,6,1.5
Krépin Diatta,sn Senegal,DF,27,Peak,390,4,0.9230769230769231
Brahim Díaz,ma Morocco,MF,26,Peak,457,3,0.5908096280087527
Luis Díaz,co Colombia,FWMF,29,Peak,478,7,1.3179916317991631
Lucas Digne,fr France,DF,32,Veteran,463,7,1.3606911447084233
Diney,cv Cabo Verde,DF,31,Veteran,390,2,0.46153846153846156
Ousmane Diomande,ci Côte d'Ivoire,DF,22,Young,90,0,0
Yan Diomandé,ci Côte d'Ivoire,MFFW,19,Young,329,2,0.547112462
Issa Diop,ma Morocco,DF,29,Peak,476,4,0.7563025210084033
El Hadji Malick Diouf,sn Senegal,DF,21,Young,171,2,1.0526315789473684
Ritsu Doan,jp Japan,MF,27,Peak,278,6,1.9424460431654678
Jeremy Doku,be Belgium,MF,24,Peak,309,4,1.1650485436893205
Merchas Doski,iq Iraq,DF,26,Peak,270,3,1
David Douděra,cz Czechia,MF,28,Peak,90,0,0
Désiré Doué,fr France,MF,21,Young,400,4,0.9
Guéla Doué,ci Côte d'Ivoire,DF,23,Young,277,6,1.9494584837545126
Deroy Duarte,cv Cabo Verde,MF,26,Peak,264,4,1.3636363636363638
Laros Duarte,cv Cabo Verde,MF,29,Peak,166,0,0
Denzel Dumfries,nl Netherlands,DFMF,30,Veteran,390,6,1.3846153846153846
Jean-Kevin Duverne,ht Haiti,DF,28,Peak,169,2,1.0650887573964496
Edin Džeko,ba Bosnia–Herz,FW,40,Veteran,176,1,0.5113636363636364
Anthony Elanga,se Sweden,MFFW,24,Peak,217,0,0
Eren Elmalı,tr Türkiye,DF,25,Peak,111,2,1.6216216216216217
Nico Elvedi,ch Switzerland,DF,29,Peak,600,5,0.75
Breel Embolo,ch Switzerland,FW,29,Peak,501,9,1.6167664670658681
Julio Enciso,py Paraguay,FW,22,Young,386,3,0.6994818652849741
Endrick,br Brazil,FW,19,Young,114,1,0.7894736842105263
Fidel Escobar,pa Panama,DF,31,Veteran,90,1,1
Stephen Eustáquio,ca Canada,MF,29,Peak,392,2,0.4591836734693877
Martin Expérience,ht Haiti,DFMF,27,Peak,270,7,2.3333333333333335
Saeid Ezatolahi,ir IR Iran,MF,29,Peak,264,7,2.3863636363636362
Eberechi Eze,eng England,MF,27,Peak,211,2,0.8530805687203792
José Fajardo,pa Panama,FW,32,Veteran,155,4,2.3225806451612905
Odeh Al-Fakhouri,jo Jordan,MFFW,20,Young,148,2,1.2162162162162162
Abdul Fatawu Issahaku,gh Ghana,FWMF,22,Young,132,1,0.6818181818181819
Ahmed Fathy,qa Qatar,MF,33,Veteran,150,2,1.2000000000000002
Hamdy Fathy,eg Egypt,DFMF,31,Veteran,238,3,1.134453781512605
Ahmed Fatouh,eg Egypt,DF,28,Peak,267,2,0.6741573033707865
Abbosbek Fayzullayev,uz Uzbekistan,MF,22,Young,220,6,2.4545454545454546
João Félix,pt Portugal,MF,26,Peak,201,3,1.3432835820895521
Lewis Ferguson,sct Scotland,MF,26,Peak,270,5,1.6666666666666665
Bruno Fernandes,pt Portugal,MF,31,Veteran,422,2,0.4265402843601896
Enzo Fernández,ar Argentina,MF,25,Peak,659,12,1.6388467374810318
Álvaro Fidalgo,mx Mexico,MF,29,Peak,96,0,0
Sherel Floranus,cw Curaçao,DF,27,Peak,270,2,0.6666666666666667
Seko Fofana,ci Côte d'Ivoire,MF,31,Veteran,92,1,0.9782608695652174
Deveron Fonville,cw Curaçao,DF,23,Young,241,2,0.7468879668049793
Alan Franco,ec Ecuador,DF,27,Peak,251,7,2.509960159
Alex Freeman,us USA,DF,21,Young,374,1,0.24064171122994651
Remo Freuler,ch Switzerland,MF,34,Veteran,592,8,1.2162162162162162
Juriën Gaari,cw Curaçao,DF,32,Veteran,166,4,2.168674698795181
Jassem Gaber,qa Qatar,MF,24,Peak,149,7,4.228187919463087
Cody Gakpo,nl Netherlands,FW,27,Peak,368,3,0.733695652
Matías Galarza,py Paraguay,MF,24,Peak,388,10,2.319587628865979
Jesús Gallardo,mx Mexico,DF,31,Veteran,373,7,1.6890080428954422
Ben Gannon-Doak,sct Scotland,MF,20,Young,186,3,1.4516129032258065
Ismaël Gharbi,tn Tunisia,MF,22,Young,127,0,0
Saman Ghoddos,ir IR Iran,MF,32,Veteran,208,3,1.2980769230769231
Mohammad Ghorbani,ir IR Iran,MF,25,Peak,90,2,2
Lee Gi-hyuk,kr Korea Republic,DF,25,Peak,270,2,0.6666666666666667
Diego Gómez,py Paraguay,MF,23,Young,304,5,1.4802631578947367
Gustavo Gómez,py Paraguay,DF,33,Veteran,480,3,0.5625
Nicolás González,ar Argentina,MF,28,Peak,259,4,1.38996139
Anthony Gordon,eng England,MF,25,Peak,396,4,0.9090909090909092
Leon Goretzka,de Germany,MF,31,Veteran,99,0,0
Amine Gouiri,dz Algeria,FW,26,Peak,251,1,0.35856573705179284
Ryan Gravenberch,nl Netherlands,MF,24,Peak,345,5,1.3043478260869565
Michael Gregoritsch,at Austria,FW,32,Veteran,188,1,0.4787234042553191
Florian Grillitsch,at Austria,DFMF,30,Veteran,90,3,3
Gabriel Gudmundsson,se Sweden,MFDF,27,Peak,330,5,1.3636363636363638
Marc Guéhi,eng England,DF,25,Peak,663,4,0.5429864253393666
Idrissa Gueye,sn Senegal,MF,36,Veteran,361,2,0.4986149584487535
Pape Gueye,sn Senegal,MF,27,Peak,234,4,1.5384615384615385
Bruno Guimarães,br Brazil,MF,28,Peak,416,4,0.8653846153846154
Arda Güler,tr Türkiye,MF,21,Young,270,3,1
Malo Gusto,fr France,DF,23,Young,121,4,2.975206611570248
Brian Gutiérrez,mx Mexico,MF,22,Young,198,5,2.2727272727272725
Joško Gvardiol,hr Croatia,DF,24,Peak,139,2,1.2949640287769786
Viktor Gyökeres,se Sweden,FW,28,Peak,360,4,1
Aziz Gʻaniyev,uz Uzbekistan,MF,28,Peak,122,2,1.4754098360655739
Erling Haaland,no Norway,FW,25,Peak,465,5,0.967741935
Ihsan Haddad,jo Jordan,DF,32,Veteran,260,3,1.0384615384615385
Anis Hadj Moussa,dz Algeria,MF,24,Peak,98,0,0
Jaouen Hadjam,dz Algeria,DF,23,Young,109,0,0
Karim Hafez,eg Egypt,DF,30,Veteran,172,1,0.5232558139534884
Ehsan Hajsafi,ir IR Iran,DF,36,Veteran,91,2,1.978021978021978
Achraf Hakimi,ma Morocco,DF,27,Peak,570,7,1.105263157894737
Redouane Halhal,ma Morocco,DF,23,Young,180,3,1.5
Ali Al Hamadi,iq Iraq,FW,24,Peak,180,1,0.5
Mohamed Amine Ben Hamida,tn Tunisia,DF,30,Veteran,202,3,1.3366336633663365
Lee Han-beom,kr Korea Republic,DF,23,Young,270,7,2.3333333333333335
Grant Hanley,sct Scotland,DF,34,Veteran,180,1,0.5
Mohamed Hany,eg Egypt,DF,30,Veteran,480,2,0.375
Moteb Al-Harbi,sa Saudi Arabia,DF,26,Peak,188,0,0
Saleh Hardani,ir IR Iran,DF,27,Peak,90,0,0
Carlos Harvey,pa Panama,MF,26,Peak,267,8,2.696629213483146
Akam Hashim,iq Iraq,DF,27,Peak,270,0,0
Haissem Hassan,eg Egypt,MF,24,Peak,126,2,1.4285714285714284
Kai Havertz,de Germany,FW,27,Peak,353,3,0.764872521
Jan Paul van Hecke,nl Netherlands,DF,26,Peak,390,4,0.9230769230769231
Hwang Hee-chan,kr Korea Republic,FW,30,Veteran,108,1,0.8333333333333333
Torbjørn Heggem,no Norway,DF,27,Peak,443,2,0.4063205417607223
Jack Hendry,sct Scotland,DF,31,Veteran,270,1,0.33333333333333337
Theo Hernández,fr France,DF,28,Peak,257,2,0.7003891050583657
Lucas Herrington,au Australia,DF,18,Young,210,2,0.8571428571428572
Son Heung-min,kr Korea Republic,FW,33,Veteran,169,0,0
Isak Hien,se Sweden,DF,27,Peak,216,3,1.25
Piero Hincapié,ec Ecuador,DF,24,Peak,339,5,1.3274336283185841
Adam Hložek,cz Czechia,FW,23,Young,156,4,2.3076923076923075
Tomáš Holeš,cz Czechia,DF,33,Veteran,153,2,1.1764705882352942
Robin Hranáč,cz Czechia,DF,26,Peak,270,6,2
Ayman Hussein,iq Iraq,FW,30,Veteran,115,2,1.565217391304348
Oh Hyeon-gyu,kr Korea Republic,FW,25,Peak,129,0,0
Yasser Ibrahim,eg Egypt,DF,33,Veteran,467,6,1.1563169164882228
Hwang In-beom,kr Korea Republic,MF,29,Peak,263,1,0.34220532319391633
Christ Inao Oulaï,ci Côte d'Ivoire,MF,20,Young,208,3,1.2980769230769231
Zidane Iqbal,iq Iraq,MF,23,Young,188,1,0.4787234042553191
Nestory Irankunda,au Australia,FWMF,20,Young,261,4,1.379310344827586
Jackson Irvine,au Australia,MF,33,Veteran,223,3,1.2107623318385652
Alexander Isak,se Sweden,FW,26,Peak,357,4,1.0084033613445378
Wilson Isidor,ht Haiti,FW,25,Peak,186,3,1.4516129032258065
Zaid Ismail,iq Iraq,MF,24,Peak,117,2,1.5384615384615385
Ko Itakura,jp Japan,DF,29,Peak,128,1,0.703125
Jacob Italiano,au Australia,DF,24,Peak,163,0,0
Hiroki Ito,jp Japan,DF,27,Peak,360,7,1.75
Junya Itō,jp Japan,MF,33,Veteran,216,2,0.8333333333333333
Nicolas Jackson,sn Senegal,FW,24,Peak,234,2,0.7692307692307693
Lee Jae-sung,kr Korea Republic,FW,33,Veteran,117,1,0.7692307692307693
Ismail Jakobs,sn Senegal,DF,26,Peak,219,2,0.821917808
Reece James,eng England,DF,26,Peak,319,3,0.8463949843260189
Ali Jasim,iq Iraq,MF,22,Young,129,1,0.6976744186046512
Danley Jean-Jacques,ht Haiti,MF,26,Peak,259,5,1.7374517374517373
Raúl Jiménez,mx Mexico,FW,35,Veteran,317,7,1.9873817034700316
Alistair Johnston,ca Canada,DF,27,Peak,450,5,1
Frenkie de Jong,nl Netherlands,MF,29,Peak,328,6,1.646341463414634
Lenny Joseph,ht Haiti,FW,25,Peak,117,6,4.615384615384615
Edmilson Junior,qa Qatar,MFFW,31,Veteran,210,4,1.7142857142857144
Vinicius Júnior,br Brazil,FW,25,Peak,440,4,0.8181818181818181
Elijah Just,nz New Zealand,MF,26,Peak,264,3,1.0227272727272727
Musab Al Juwayr,sa Saudi Arabia,MFFW,22,Young,152,1,0.5921052631578947
Ozan Kabak,tr Türkiye,DF,26,Peak,90,3,3
Ferdi Kadioglu,tr Türkiye,DF,26,Peak,159,0,0
Daichi Kamada,jp Japan,MF,29,Peak,329,2,0.547112462
Hossein Kanaanizadegan,ir IR Iran,DF,32,Veteran,135,1,0.6666666666666667
Harry Kane,eng England,FW,32,Veteran,652,8,1.1042944785276074
Lee Kang-in,kr Korea Republic,FW,25,Peak,270,1,0.33333333333333337
Mohamed Kanno,sa Saudi Arabia,MF,31,Veteran,225,5,2
Steve Kapuadi,cd Congo DR,DF,28,Peak,180,2,1
Bekhruz Karimov,uz Uzbekistan,DF,18,Young,179,8,4.022346368715084
Jesper Karlström,se Sweden,MF,30,Veteran,138,3,1.9565217391304348
Nikola Katić,ba Bosnia–Herz,DF,29,Peak,317,4,1.135646687697161
Edo Kayembe,cd Congo DR,MF,28,Peak,160,5,2.8125
Franck Kessié,ci Côte d'Ivoire,MF,29,Peak,346,7,1.8208092485549132
Abdullah Al-Khaibari,sa Saudi Arabia,MF,29,Peak,180,0,0
Shoja' Khalilzadeh,ir IR Iran,DF,37,Veteran,270,4,1.3333333333333335
Dostonbek Khamdamov,uz Uzbekistan,MF,29,Peak,103,1,0.8737864077669902
Bilal El Khannouss,ma Morocco,MFFW,22,Young,461,5,0.9761388286334056
Rani Khedira,tn Tunisia,MF,32,Veteran,149,3,1.8120805369127515
Boualem Khoukhi,qa Qatar,DF,35,Veteran,270,2,0.6666666666666667
Abdukodir Khusanov,uz Uzbekistan,DF,22,Young,270,6,2
Joshua Kimmich,de Germany,DF,31,Veteran,351,0,0
Orkun Kökçü,tr Türkiye,MF,25,Peak,153,2,1.1764705882352942
Sead Kolašinac,ba Bosnia–Herz,DF,32,Veteran,337,6,1.6023738872403561
Ghislain Konan,ci Côte d'Ivoire,DF,30,Veteran,269,0,0
Ismaël Koné,ca Canada,MF,23,Young,146,1,0.6164383561643836
Manu Koné,fr France,MF,25,Peak,385,6,1.4025974025974026
Ezri Konsa,eng England,DF,28,Peak,647,8,1.1128284389489953
Teun Koopmeiners,nl Netherlands,DFMF,28,Peak,122,3,2.2131147540983607
Odilon Kossounou,ci Côte d'Ivoire,DF,25,Peak,272,0,0
Kalidou Koulibaly,sn Senegal,DF,34,Veteran,161,0,0
Jules Koundé,fr France,DF,27,Peak,599,6,0.9015025041736227
Mateo Kovačić,hr Croatia,MF,32,Veteran,270,3,1
Ladislav Krejčí,cz Czechia,DF,27,Peak,270,6,2
Maxence Lacroix,fr France,DF,26,Peak,241,5,1.8672199170124482
Gustaf Lagerbielke,se Sweden,DF,26,Peak,360,1,0.25
Konrad Laimer,at Austria,MFDF,29,Peak,360,6,1.5
Ali Lajami,sa Saudi Arabia,DF,30,Veteran,149,0,0
Aymeric Laporte,es Spain,DF,32,Veteran,727,5,0.6189821182943603
Cyle Larin,ca Canada,FW,31,Veteran,190,5,2.3684210526315788
Richie Laryea,ca Canada,DF,31,Veteran,429,8,1.6783216783216783
Mohanad Lasheen,eg Egypt,MF,30,Veteran,359,5,1.2534818941504178
Issa Laye,qa Qatar,MFDF,28,Peak,270,0,0
Rafael Leão,pt Portugal,MF,27,Peak,158,1,0.569620253
Jefferson Lerma,co Colombia,MF,31,Veteran,410,6,1.3170731707317074
Philipp Lienhart,at Austria,DF,29,Peak,180,0,0
Victor Lindelöf,se Sweden,DFMF,31,Veteran,356,3,0.7584269662921348
Erik Lira,mx Mexico,MF,26,Peak,345,3,0.782608696
Dailon Livramento,cv Cabo Verde,FW,25,Peak,174,1,0.5172413793103449
Marcos Llorente,es Spain,DF,31,Veteran,187,2,0.9625668449197861
Jürgen Locadia,cw Curaçao,FW,32,Veteran,235,3,1.1489361702127658
Sidny Lopes Cabral,cv Cabo Verde,DF,23,Young,285,2,0.631578947
Derrick Luckassen,gh Ghana,DF,30,Veteran,180,1,0.5
Jhon Lucumí,co Colombia,DF,27,Peak,478,5,0.9414225941422594
José Luis Rodríguez,pa Panama,MFFW,27,Peak,233,4,1.5450643776824033
Romelu Lukaku,be Belgium,FW,33,Veteran,233,2,0.7725321888412017
Dodi Lukebakio,be Belgium,MF,28,Peak,164,1,0.5487804878048781
Alexis Mac Allister,ar Argentina,MF,27,Peak,750,9,1.08
Deiver Machado,co Colombia,DF,32,Veteran,90,1,1
Assim Madibo,qa Qatar,MF,29,Peak,131,2,1.3740458015267174
Noni Madueke,eng England,MF,24,Peak,286,2,0.6293706293706294
Daizen Maeda,jp Japan,MF,28,Peak,244,2,0.7377049180327869
Gabriel Magalhães,br Brazil,DF,28,Peak,450,1,0.2
Riyad Mahrez,dz Algeria,MF,35,Veteran,262,1,0.34351145038167935
Evidence Makgopa,za South Africa,FW,26,Peak,215,1,0.41860465116279066
Donyell Malen,nl Netherlands,FW,27,Peak,185,0,0
Aïssa Mandi,dz Algeria,DF,34,Veteran,360,0,0
Sadio Mané,sn Senegal,MFFW,34,Veteran,362,4,0.9944751381215469
Juan Manuel Sanabria,uy Uruguay,DF,26,Peak,204,1,0.4411764705882353
Johan Manzambi,ch Switzerland,MFFW,20,Young,199,3,1.3567839195979898
Mahmoud Al-Mardi,jo Jordan,MF,32,Veteran,130,4,2.769230769230769
Omar Marmoush,eg Egypt,FWMF,27,Peak,326,3,0.8282208588957056
Marquinhos,br Brazil,DF,32,Veteran,450,0,0
Gabriel Martinelli,br Brazil,MF,24,Peak,143,4,2.5174825174825175
Cristian Martínez,pa Panama,MFFW,29,Peak,242,5,1.859504132231405
Lautaro Martínez,ar Argentina,FW,28,Peak,310,8,2.3225806451612905
Lisandro Martínez,ar Argentina,DF,28,Peak,624,7,1.0096153846153846
Thapelo Maseko,za South Africa,MFFW,22,Young,242,4,1.487603305785124
Arthur Masuaku,cd Congo DR,DF,32,Veteran,315,0,0
Igor Matanović,hr Croatia,FW,23,Young,95,4,3.789473684210526
Mauricio,py Paraguay,MF,25,Peak,173,3,1.5606936416184969
Ibrahim Maza,dz Algeria,MFFW,20,Young,351,1,0.25641025641025644
Noussair Mazraoui,ma Morocco,DF,28,Peak,477,4,0.7547169811320755
Kylian Mbappé,fr France,FW,27,Peak,695,6,0.776978417
Thalente Mbatha,za South Africa,MF,26,Peak,260,4,1.3846153846153846
Ibrahim Mbaye,sn Senegal,MF,18,Young,157,0,0
Chancel Mbemba,cd Congo DR,DF,31,Veteran,360,1,0.25
Mbekezeli Mbokazi,za South Africa,DF,20,Young,360,3,0.75
Nathanaël Mbuku,cd Congo DR,MFFW,24,Peak,143,4,2.5174825174825175
Callum McCowatt,nz New Zealand,MF,27,Peak,159,4,2.2641509433962264
John McGinn,sct Scotland,MF,31,Veteran,259,2,0.694980695
Scott McKenna,sct Scotland,DF,29,Peak,90,0,0
Weston McKennie,us USA,MF,27,Peak,443,8,1.6252821670428892
Mark McKenzie,us USA,DF,27,Peak,90,1,1
Kenny McLean,sct Scotland,MF,34,Veteran,118,1,0.7627118644067796
Scott McTominay,sct Scotland,MF,29,Peak,270,3,1
Brandon Mechele,be Belgium,DF,33,Veteran,570,9,1.4210526315789473
Facundo Medina,ar Argentina,DF,27,Peak,308,3,0.8766233766233766
Hannibal Mejbri,tn Tunisia,MF,23,Young,270,4,1.3333333333333335
Amar Memić,ba Bosnia–Herz,MF,25,Peak,224,4,1.607142857142857
Nuno Mendes,pt Portugal,DF,23,Young,395,3,0.6835443037974683
Ryan Mendes,cv Cabo Verde,FWMF,36,Veteran,330,1,0.2727272727272727
Gideon Mensah,gh Ghana,DF,27,Peak,360,2,0.5
Mikel Merino,es Spain,MF,29,Peak,199,6,2.7135678391959797
Lionel Messi,ar Argentina,FW,38,Veteran,740,3,0.3648648648648649
Connor Metcalfe,au Australia,MF,26,Peak,315,1,0.2857142857142857
Thomas Meunier,be Belgium,DF,34,Veteran,190,9,4.2631578947368425
Liam Millar,ca Canada,MF,26,Peak,162,3,1.6666666666666665
Kim Min-jae,kr Korea Republic,DF,29,Peak,245,2,0.7346938775510204
Aubrey Modiba,za South Africa,DF,30,Veteran,346,4,1.0404624277456647
Luka Modrić,hr Croatia,MF,40,Veteran,317,4,1.135646687697161
Relebohile Mofokeng,za South Africa,MF,21,Young,169,3,1.5976331360946745
Milad Mohammadi,ir IR Iran,DF,32,Veteran,205,1,0.43902439024390244
Mohammad Mohebi,ir IR Iran,MF,27,Peak,244,1,0.36885245901639346
Johan Mojica,co Colombia,DF,33,Veteran,390,1,0.23076923076923078
Teboho Mokoena,za South Africa,MF,29,Peak,270,3,1
Nahuel Molina,ar Argentina,DF,28,Peak,528,3,0.5113636363636364
Jamiro Monteiro,cv Cabo Verde,MF,32,Veteran,281,4,1.281138790035587
César Montes,mx Mexico,DF,29,Peak,314,4,1.1464968152866242
Gonzalo Montiel,ar Argentina,DF,29,Peak,192,4,1.875
Gilberto Mora,mx Mexico,MF,17,Young,213,3,1.267605633802817
Steven Moreira,cv Cabo Verde,DF,31,Veteran,301,0,0
Samuel Moutoussamy,cd Congo DR,MF,29,Peak,330,8,2.1818181818181817
Akmal Mozgovoy,uz Uzbekistan,MF,27,Peak,216,0,0
Khuliso Mudau,za South Africa,DF,31,Veteran,360,4,1
Tarik Muharemovic,ba Bosnia–Herz,DF,23,Young,259,5,1.7374517374517373
Ngal'Ayel Mukau,cd Congo DR,MF,21,Young,195,3,1.3846153846153846
Mert Müldür,tr Türkiye,DF,27,Peak,101,1,0.8910891089108911
Daniel Muñoz,co Colombia,DF,30,Veteran,394,9,2.0558375634517767
Petar Musa,hr Croatia,FW,28,Peak,110,1,0.8181818181818181
Jamal Musiala,de Germany,MF,23,Young,270,5,1.6666666666666665
Phillipp Mwene,at Austria,DF,32,Veteran,147,1,0.6122448979591837
David Møller Wolfe,no Norway,DF,24,Peak,430,7,1.4651162790697674
Keito Nakamura,jp Japan,MF,25,Peak,307,3,0.8794788273615635
Abdallah Nasib,jo Jordan,DF,32,Veteran,260,1,0.34615384615384615
Sherzod Nasrullaev,uz Uzbekistan,DFMF,27,Peak,180,3,1.5
Iliman Ndiaye,sn Senegal,FW,26,Peak,114,2,1.5789473684210527
Dan Ndoye,ch Switzerland,MFFW,25,Peak,406,5,1.1083743842364533
Ali Nemati,ir IR Iran,DF,30,Veteran,270,3,1
Pedro Neto,pt Portugal,MF,26,Peak,350,4,1.0285714285714285
João Neves,pt Portugal,MF,21,Young,390,1,0.23076923076923078
Nathan Ngoy,be Belgium,DF,23,Young,335,6,1.6119402985074627
Moussa Niakhaté,sn Senegal,DF,30,Veteran,390,3,0.6923076923076923
Felix Nmecha,de Germany,MF,25,Peak,270,3,1
Darwin Núñez,uy Uruguay,FW,26,Peak,156,1,0.5769230769230769
Antonio Nusa,no Norway,FW,21,Young,318,1,0.2830188679245283
Benjamin Nygren,se Sweden,MF,24,Peak,130,3,2.076923076923077
Aiden O'Neill,au Australia,MF,27,Peak,360,2,0.5
Nico O'Reilly,eng England,DF,21,Young,461,6,1.1713665943600868
Armando Obispo,cw Curaçao,DF,27,Peak,270,1,0.33333333333333337
Ime Okon,za South Africa,DF,22,Young,360,1,0.25
Paul Okon-Engstler,au Australia,MF,21,Young,197,3,1.3705583756345179
Ben Old,nz New Zealand,MF,23,Young,93,0,0
Michael Olise,fr France,MF,24,Peak,646,5,0.6965944272445821
Mathías Olivera,uy Uruguay,DF,28,Peak,270,3,1
Dani Olmo,es Spain,MF,28,Peak,491,6,1.0997963340122199
Tani Oluwaseyi,ca Canada,FW,26,Peak,259,5,1.7374517374517373
Ali Olwan,jo Jordan,MF,26,Peak,268,1,0.33582089552238803
Amadou Onana,be Belgium,MF,24,Peak,106,1,0.8490566037735848
Christopher Opéri,ci Côte d'Ivoire,DF,29,Peak,90,2,2
Jerome Opoku,gh Ghana,DF,27,Peak,270,2,0.6666666666666667
Joel Ordóñez,ec Ecuador,DF,22,Young,225,1,0.4
Nicolás Otamendi,ar Argentina,DF,38,Veteran,247,4,1.457489879
Ayoub Al-Oui,qa Qatar,DF,21,Young,149,1,0.6040268456375839
Azzedine Ounahi,ma Morocco,MF,26,Peak,435,3,0.6206896551724138
Elisha Owusu,gh Ghana,MF,28,Peak,151,2,1.1920529801324504
Mikel Oyarzabal,es Spain,FW,29,Peak,601,4,0.5990016638935108
Salih Özcan,tr Türkiye,MF,28,Peak,100,2,1.8
Willian Pacho,ec Ecuador,DF,24,Peak,360,3,0.75
Exequiel Palacios,ar Argentina,DF,27,Peak,90,1,1
Lucas Paquetá,br Brazil,MF,28,Peak,233,3,1.1587982832618027
Leandro Paredes,ar Argentina,MF,31,Veteran,473,9,1.7124735729386893
Thomas Partey,gh Ghana,MF,33,Veteran,270,2,0.6666666666666667
Marco Pašalić,hr Croatia,MF,25,Peak,99,0,0
Mario Pašalić,hr Croatia,MF,31,Veteran,123,2,1.4634146341463417
Nathan Patterson,sct Scotland,DF,24,Peak,185,2,0.972972973
João Paulo Fernandes,cv Cabo Verde,DF,28,Peak,105,0,0
Aleksandar Pavlovic,de Germany,MF,22,Young,272,13,4.3014705882352935
Tim Payne,nz New Zealand,DF,32,Veteran,224,2,0.8035714285714285
Marcus Pedersen,no Norway,DF,25,Peak,236,3,1.1440677966101696
Pedri,es Spain,MF,23,Young,499,4,0.721442886
Nicolas Pépé,ci Côte d'Ivoire,FW,31,Veteran,234,1,0.38461538461538464
Ricardo Pepi,us USA,FW,23,Young,204,5,2.2058823529411766
Ivan Perišić,hr Croatia,MFDF,37,Veteran,360,4,1
Pico,cv Cabo Verde,DF,33,Veteran,390,0,0
Frantzdy Pierrot,ht Haiti,FW,31,Veteran,143,5,3.146853146853147
Kevin Pina,cv Cabo Verde,MF,29,Peak,349,5,1.2893982808022924
Gonzalo Plata,ec Ecuador,FW,25,Peak,360,5,1.25
Marin Pongračić,hr Croatia,DF,28,Peak,270,3,1
Pedro Porro,es Spain,DF,26,Peak,563,10,1.5985790408525753
Stefan Posch,at Austria,DF,29,Peak,331,7,1.9033232628398793
Ángelo Preciado,ec Ecuador,DFMF,28,Peak,109,0,0
Ruben Providence,ht Haiti,MF,24,Peak,220,3,1.2272727272727273
Lukáš Provod,cz Czechia,FW,29,Peak,122,2,1.4754098360655739
Gustavo Puerta,co Colombia,MF,22,Young,469,9,1.727078891257996
Christian Pulisic,us USA,MF,27,Peak,223,1,0.40358744394618834
Ahmed Qasem,iq Iraq,MFFW,22,Young,123,0,0
Jarell Quansah,eng England,DF,23,Young,197,2,0.9137055837563451
Julián Quiñones,mx Mexico,FWMF,29,Peak,410,5,1.0975609756097562
Juan Quintero,co Colombia,FWMF,33,Veteran,121,0,0
Ramy Rabia,eg Egypt,DF,33,Veteran,372,3,0.7258064516129032
Adrien Rabiot,fr France,MF,31,Veteran,585,13,2
Stjepan Radeljić,ba Bosnia–Herz,DF,28,Peak,180,1,0.5
Soufiane Rahimi,ma Morocco,FW,30,Veteran,163,5,2.7607361963190185
Jiovany Ramos,pa Panama,DF,29,Peak,166,2,1.0843373493975905
Raphinha,br Brazil,MFFW,29,Peak,129,1,0.6976744186046512
Nizar Al Rashdan,jo Jordan,MF,27,Peak,255,5,1.7647058823529411
Marcus Rashford,eng England,MF,28,Peak,223,5,2.0179372197309418
Nicolas Raskin,be Belgium,MF,25,Peak,341,12,3.1671554252199416
David Raum,de Germany,DF,28,Peak,108,2,1.6666666666666665
Noor Al Rawabdeh,jo Jordan,MF,29,Peak,270,1,0.33333333333333337
Rayan,br Brazil,FWMF,19,Young,288,5,1.5625
Iqraam Rayners,za South Africa,FW,30,Veteran,161,1,0.5590062111801242
Tim Ream,us USA,DF,38,Veteran,360,0,0
Tijjani Reijnders,nl Netherlands,MF,27,Peak,199,0,0
Omar Rekik,tn Tunisia,DF,24,Peak,180,0,0
Israel Reyes,mx Mexico,DF,26,Peak,202,1,0.44554455445544555
Gio Reyna,us USA,MF,23,Young,131,1,0.6870229007633587
Ramin Rezaeian,ir IR Iran,DFMF,36,Veteran,270,2,0.6666666666666667
Chadi Riad,ma Morocco,DF,22,Young,344,0,0
Declan Rice,eng England,MF,27,Peak,557,4,0.6463195691202873
Chris Richards,us USA,DF,26,Peak,360,8,2
Fabian Rieder,ch Switzerland,MFFW,24,Peak,302,3,0.8940397350993378
Richard Ríos,co Colombia,MF,26,Peak,140,10,6.428571428571428
Ró-Ró,qa Qatar,DF,35,Veteran,270,1,0.33333333333333337
Andy Robertson,sct Scotland,DF,32,Veteran,225,3,1.2000000000000002
Antonee Robinson,us USA,DFMF,28,Peak,348,4,1.0344827586206897
Miles Robinson,us USA,DF,29,Peak,90,2,2
Rodri,es Spain,MF,29,Peak,724,11,1.367403314917127
James Rodríguez,co Colombia,FWMF,34,Veteran,313,0,0
Kevin Rodríguez,ec Ecuador,FW,26,Peak,118,3,2.288135593220339
Ricardo Rodríguez,ch Switzerland,DF,33,Veteran,517,11,1.9148936170212765
Morgan Rogers,eng England,MF,23,Young,339,5,1.3274336283185841
Cristian Romero,ar Argentina,DF,28,Peak,608,9,1.332236842105263
Luis Romo,mx Mexico,MF,31,Veteran,264,1,0.34090909090909094
Cristiano Ronaldo,pt Portugal,FW,41,Veteran,440,2,0.40909090909090906
Antonio Rüdiger,de Germany,DF,33,Veteran,262,1,0.34351145038167935
Fabián Ruiz Peña,es Spain,MF,30,Veteran,321,1,0.2803738317757009
Julian Ryerson,no Norway,DF,28,Peak,223,6,2.4215246636771304
Elias Saad,tn Tunisia,MFFW,26,Peak,116,1,0.7758620689655172
Marcel Sabitzer,at Austria,MF,32,Veteran,360,2,0.5
Noah Sadiki,cd Congo DR,MF,21,Young,259,2,0.694980695
Michal Sadílek,cz Czechia,MF,27,Peak,183,0,0
Ismael Saibari,ma Morocco,FW,25,Peak,381,8,1.889763779527559
Bukayo Saka,eng England,MF,24,Peak,358,4,1.005586592178771
Mohamed Salah,eg Egypt,FWMF,33,Veteran,425,5,1.0588235294117647
Anass Salah-Eddine,ma Morocco,DF,24,Peak,212,3,1.2735849056603774
Nathan Saliba,ca Canada,MF,22,Young,182,5,2.4725274725274726
William Saliba,fr France,DF,25,Peak,479,4,0.7515657620041752
Davinson Sánchez,co Colombia,DF,30,Veteran,480,6,1.125
Jorge Sánchez,mx Mexico,DF,28,Peak,348,5,1.293103448275862
Leroy Sané,de Germany,MF,30,Veteran,326,3,0.8282208588957056
Ibrahim Sangaré,ci Côte d'Ivoire,MF,28,Peak,268,2,0.6716417910447761
Kaishū Sano,jp Japan,MF,25,Peak,270,4,1.3333333333333335
Douglas Santos,br Brazil,DF,32,Veteran,441,3,0.6122448979591837
Ismaila Sarr,sn Senegal,MFFW,28,Peak,364,1,0.24725274725274726
Patrik Schick,cz Czechia,FW,30,Veteran,180,1,0.5
Andreas Schjelderup,no Norway,FW,22,Young,252,2,0.7142857142857142
Xaver Schlager,at Austria,MF,28,Peak,238,6,2.268907563
Nico Schlotterbeck,de Germany,DF,26,Peak,135,2,1.3333333333333335
Romano Schmid,at Austria,MFFW,26,Peak,263,3,1.0266159695817492
Nicolas Seiwald,at Austria,MF,25,Peak,315,1,0.2857142857142857
Nélson Semedo,pt Portugal,DFMF,32,Veteran,127,2,1.4173228346456692
Willy Semedo,cv Cabo Verde,FW,32,Veteran,131,4,2.748091603053435
Antoine Semenyo,gh Ghana,MFFW,26,Peak,360,6,1.5
Marvin Senaya,gh Ghana,DF,25,Peak,278,6,1.9424460431654678
Marcos Senesi,ar Argentina,DF,29,Peak,109,0,0
Paik Seung-ho,kr Korea Republic,MF,29,Peak,204,1,0.4411764705882353
Jacob Shaffelburg,ca Canada,MF,26,Peak,92,2,1.9565217391304348
Mohammed Abu Al-Shamat,sa Saudi Arabia,MF,23,Young,136,2,1.3235294117647058
Lawrence Shankland,sct Scotland,FW,30,Veteran,171,5,2.631578947368421
Eldor Shomurodov,uz Uzbekistan,FW,30,Veteran,269,8,2.6765799256505574
Otabek Shukurov,uz Uzbekistan,MF,29,Peak,237,2,0.7594936708860759
Nkosinathi Sibisi,za South Africa,DF,30,Veteran,90,1,1
Kwasi Sibo,gh Ghana,MF,27,Peak,248,7,2.540322580645161
Niko Sigur,ca Canada,MF,22,Young,126,5,3.571428571428571
Bernardo Silva,pt Portugal,MF,31,Veteran,97,3,2.783505154639175
Giuliano Simeone,ar Argentina,FW,23,Young,192,9,4.21875
Sarpreet Singh,nz New Zealand,MF,27,Peak,209,2,0.8612440191387559
Wilfried Singo,ci Côte d'Ivoire,DF,25,Peak,171,3,1.5789473684210527
Sphephelo Sithole,za South Africa,MF,27,Peak,229,5,1.965065502183406
Ellyes Skhiri,tn Tunisia,MFDF,31,Veteran,250,0,0
Alexandr Sojka,cz Czechia,MFDF,23,Young,141,0,0
Tomáš Souček,cz Czechia,MF,31,Veteran,137,3,1.9708029197080292
Harry Souttar,au Australia,DF,27,Peak,390,8,1.8461538461538463
Djibril Sow,ch Switzerland,MF,29,Peak,253,5,1.7786561264822134
Djed Spence,eng England,DF,25,Peak,404,3,0.6683168316831682
Marko Stamenic,nz New Zealand,MF,24,Peak,269,4,1.3382899628252787
Josip Stanišić,hr Croatia,DFMF,26,Peak,360,0,0
John Stones,eng England,DF,32,Veteran,330,1,0.2727272727272727
Jørgen Strand Larsen,no Norway,FW,26,Peak,105,0,0
Elliot Stroud,se Sweden,MF,23,Young,166,3,1.6265060240963856
Luis Suárez,co Colombia,FW,28,Peak,331,7,1.9033232628398793
Petar Sučić,hr Croatia,MFFW,22,Young,289,7,2.179930795847751
Yukinari Sugawara,jp Japan,MF,25,Peak,148,3,1.8243243243243243
Pavel Šulc,cz Czechia,FW,25,Peak,189,2,0.9523809523809523
Kamaldeen Sulemana,gh Ghana,MFFW,24,Peak,127,2,1.4173228346456692
Crysencio Summerville,nl Netherlands,FW,24,Peak,253,2,0.7114624505928854
Ivan Šunjić,ba Bosnia–Herz,MF,29,Peak,196,7,3.214285714285714
Finn Surman,nz New Zealand,DF,22,Young,270,4,1.3333333333333335
Josip Šutalo,hr Croatia,DF,26,Peak,360,2,0.5
Daniel Svensson,se Sweden,DF,24,Peak,98,0,0
Alexander Sørloth,no Norway,FW,30,Veteran,337,6,1.6023738872403561
Musa Al-Taamari,jo Jordan,FW,29,Peak,215,2,0.8372093023255813
Lee Tae-seok,kr Korea Republic,MF,23,Young,113,3,2.3893805309734515
Nicolás Tagliafico,ar Argentina,DF,33,Veteran,476,9,1.7016806722689075
Jonathan Tah,de Germany,DF,30,Veteran,372,5,1.2096774193548387
Benjamin Tahirovic,ba Bosnia–Herz,MF,23,Young,237,3,1.139240506329114
Zaid Tahseen,iq Iraq,DF,25,Peak,149,3,1.8120805369127515
Chemsdine Talbi,ma Morocco,MF,21,Young,179,0,0
Montassar Talbi,tn Tunisia,DF,28,Peak,270,1,0.33333333333333337
Hassan Al Tambakti,sa Saudi Arabia,DF,27,Peak,212,0,0
Ao Tanaka,jp Japan,MF,27,Peak,193,6,2.7979274611398965
Shogo Taniguchi,jp Japan,DF,34,Veteran,232,2,0.7758620689655172
Mehdi Taremi,ir IR Iran,FW,33,Veteran,259,3,1.0424710424710424
Aurélien Tchouaméni,fr France,MF,26,Peak,360,4,1
Arthur Theate,be Belgium,DF,26,Peak,228,1,0.39473684210526316
Youri Tielemans,be Belgium,MF,29,Peak,474,7,1.3291139240506329
Kieran Tierney,sct Scotland,MF,29,Peak,104,3,2.5961538461538463
Malik Tillman,us USA,MF,24,Peak,356,3,0.7584269662921348
Takehiro Tomiyasu,jp Japan,DF,27,Peak,184,5,2.4456521739130435
Ferran Torres,es Spain,FW,26,Peak,288,6,1.875
Mo Touré,au Australia,FW,22,Young,165,4,2.1818181818181817
Trézéguet,eg Egypt,MF,31,Veteran,164,3,1.646341463414634
Leandro Trossard,be Belgium,MFFW,31,Veteran,506,4,0.7114624505928854
Auston Trusty,us USA,DF,27,Peak,101,2,1.7821782178217822
Axel Tuanzebe,cd Congo DR,DF,28,Peak,360,3,0.75
Ayase Ueda,jp Japan,FW,27,Peak,321,6,1.6822429906542056
Manuel Ugarte,uy Uruguay,MF,25,Peak,184,1,0.4891304347826087
Deniz Undav,de Germany,FW,29,Peak,151,3,1.7880794701986755
Dayot Upamecano,fr France,DF,27,Peak,660,7,0.9545454545454546
Jakhongir Urozov,uz Uzbekistan,DF,22,Young,95,0,0
Enner Valencia,ec Ecuador,FW,36,Veteran,287,4,1.254355400696864
Yan Valery,tn Tunisia,DF,27,Peak,251,4,1.4342629482071714
Federico Valverde,uy Uruguay,MF,27,Peak,236,1,0.3813559322033898
Virgil van Dijk,nl Netherlands,DF,34,Veteran,390,2,0.46153846153846156
Hans Vanaken,be Belgium,MF,33,Veteran,319,0,0
Guillermo Varela,uy Uruguay,DF,33,Veteran,270,1,0.33333333333333337
Hélio Varela,cv Cabo Verde,FW,24,Peak,104,1,0.8653846153846154
Ruben Vargas,ch Switzerland,MF,27,Peak,284,6,1.9014084507042253
Johan Vásquez,mx Mexico,DF,27,Peak,360,0,0
Renato Veiga,pt Portugal,DF,22,Young,450,5,1
Gustavo Velásquez,py Paraguay,DF,35,Veteran,246,2,0.7317073170731708
Micky van de Ven,nl Netherlands,DFMF,25,Peak,265,5,1.6981132075471697
Federico Viñas,uy Uruguay,FW,27,Peak,192,3,1.40625
Pedro Vite,ec Ecuador,MF,24,Peak,360,2,0.5
Vitinha,pt Portugal,MF,26,Peak,376,4,0.9574468085106382
Nikola Vlašić,hr Croatia,MF,28,Peak,189,5,2.380952380952381
Cristian Volpato,au Australia,MF,22,Young,160,1,0.5625
Elye Wahi,ci Côte d'Ivoire,FW,23,Young,110,0,0
Aaron Wan-Bissaka,cd Congo DR,DF,28,Peak,354,1,0.2542372881355932
Paul Wanner,at Austria,MF,20,Young,234,4,1.5384615384615385
Tsuyoshi Watanabe,jp Japan,DF,29,Peak,90,0,0
Silvan Widmer,ch Switzerland,DF,33,Veteran,175,2,1.0285714285714285
Iñaki Williams,gh Ghana,MFFW,31,Veteran,126,2,1.4285714285714284
Nico Williams,es Spain,MF,23,Young,113,2,1.592920353982301
Florian Wirtz,de Germany,MF,23,Young,361,1,0.24930747922437674
Yoane Wissa,cd Congo DR,FW,29,Peak,360,5,1.25
Chris Wood,nz New Zealand,FW,34,Veteran,270,2,0.6666666666666667
Granit Xhaka,ch Switzerland,MF,33,Veteran,600,4,0.6000000000000001
Lamine Yamal,es Spain,MFFW,18,Young,614,14,2.0521172638436482
John Yeboah,ec Ecuador,MF,25,Peak,311,0,0
Kenan Yıldız,tr Türkiye,MF,21,Young,218,2,0.8256880733944955
Caleb Yirenkyi,gh Ghana,MF,20,Young,264,7,2.3863636363636362
Seol Young-woo,kr Korea Republic,MF,27,Peak,250,1,0.36
İsmail Yüksek,tr Türkiye,MF,27,Peak,139,2,1.2949640287769786
Warren Zaïre-Emery,fr France,MF,20,Young,110,1,0.8181818181818181
Denis Zakaria,ch Switzerland,DF,29,Peak,357,4,1.0084033613445378
Jaroslav Zelený,cz Czechia,MF,33,Veteran,126,0,0
Ramiz Zerrouki,dz Algeria,MF,28,Peak,111,4,3.2432432432432434
Mostafa Ziko,eg Egypt,FWMF,29,Peak,370,6,1.4594594594594597
Martin Ødegaard,no Norway,MF,27,Peak,470,3,0.5744680851063829
Leo Østigård,no Norway,DF,26,Peak,146,2,1.2328767123287672
